-- migrate:up
DELETE FROM match_entries;
DELETE FROM matches;
DELETE FROM competition_entries;
DELETE FROM competitions;
DELETE FROM team_users;
DELETE FROM teams;
DELETE FROM group_users;
DELETE FROM `groups`;
DELETE FROM users;
DELETE FROM information;
DELETE FROM scenes;
DELETE FROM locations;
DELETE FROM `sports`;


INSERT INTO `sports` (id, name, weight)
VALUES  ('01JS96Z963A6RT2C563DCSSCQN', 'フットサル', 0),
        ('01JS96Z9630FPVV0HFY7YR1BQ2', 'バスケットボール', 0),
        ('01JS96Z963WPXJZG9X99N7VP44', '野球', 0),
        ('01JS96Z963QYQ0APZ6Z3K246HM', 'ビーチバレー', 0),
        ('01JS96Z96348RDDS4SRA5Y43JA', 'テニス', 0),
        ('01JS96Z963KZND56RX30AHX6C0', '卓球', 0),
        ('01JS96Z964EZHVVXQJ0T0ETKAW', 'バドミントン', 0);

INSERT INTO users (id, name, email)
VALUES  ('01JS96Z96329JZHCYD45D72SYB', '山田 太郎', 'ta_yamada@dev.sports-day.net'),
        ('01JS96Z963CB5NVZ4151VFBFMT', '佐藤 健一', 'ke_sato@dev.sports-day.net'),
        ('01JS96Z963RP3AJQ9CMBS7QCCF', '鈴木 美咲', 'mi_suzuki@dev.sports-day.net'),
        ('01JS96Z963KWF07JCA6A8R9RYE', '田中 裕子', 'yu_tanaka@dev.sports-day.net'),
        ('01JS96Z9632TEN2FVK713YCYWH', '伊藤 翔太', 'sh_ito@dev.sports-day.net'),
        ('01JS96Z963BHSMBPRKW6CW5GCV', '渡辺 麻衣', 'ma_watanabe@dev.sports-day.net'),
        ('01JS96Z96394WS2KG3VGPYEFXY', '小林 直人', 'na_kobayashi@dev.sports-day.net'),
        ('01JS96Z9630PP2C2MSNFBXWWVB', '加藤 結衣', 'yu_kato@dev.sports-day.net'),
        ('01JS96Z96315KJEHK6QH6E66GA', '吉田 大輔', 'da_yoshida@dev.sports-day.net'),
        ('01JS96Z963J78P3163YWJ8E2G3', '松本 さくら', 'sa_matsumoto@dev.sports-day.net'),
        ('01JS96Z963RXHX7ZEQETJF755X', '井上 拓也', 'ta_inoue@dev.sports-day.net'),
        ('01JS96Z96366ES49EA66C5MNTN', '木村 愛子', 'ai_kimura@dev.sports-day.net'),
        ('01JS96Z963392V0E1M882PAK59', '林 正樹', 'ma_hayashi@dev.sports-day.net'),
        ('01JS96Z963WC15Z6EF1Q28TPGN', '斎藤 優花', 'yu_saito@dev.sports-day.net'),
        ('01JS96Z963FWJNS332FA9PGMKR', '清水 隆司', 'ry_shimizu@dev.sports-day.net'),
        ('01JS96Z963VA0P0RE84ZDEWX99', '山口 千尋', 'ch_yamaguchi@dev.sports-day.net'),
        ('01JS96Z96371Z3AD7SPM79VERY', '中村 浩二', 'ko_nakamura@dev.sports-day.net'),
        ('01JS96Z96327Q7P2EE2QVSWZJ9', '石井 美穂', 'mi_ishii@dev.sports-day.net'),
        ('01JS96Z963N5K497Z9J641QFGS', '前田 一郎', 'ic_maeda@dev.sports-day.net'),
        ('01JS96Z963GWSSKP6TH26EGRQF', '高橋 望', 'no_takahashi@dev.sports-day.net'),
        ('01JS96Z963J7286BRXWECRTWK8', '村上 遥', 'ha_murakami@dev.sports-day.net'),
        ('01JS96Z963ZSN09NH45YXXTGMM', '近藤 陽太', 'yo_kondo@dev.sports-day.net'),
        ('01JS96Z963B9SA9JHT9QM09VC8', '遠藤 美咲', 'mi_endo@dev.sports-day.net'),
        ('01JS96Z963WJJRRE7DVRKQ5XGF', '藤田 健太', 'ke_fujita@dev.sports-day.net'),
        ('01JS96Z963A6RT2C563DCSSCQN', '野口 真由', 'ma_noguchi@dev.sports-day.net'),
        ('01JS96Z9630FPVV0HFY7YR1BQ2', '原田 翔太', 'sh_harada@dev.sports-day.net'),
        ('01JS96Z963WPXJZG9X99N7VP44', '本田 瑞希', 'mi_honda@dev.sports-day.net'),
        ('01JS96Z963QYQ0APZ6Z3K246HM', '久保田 涼介', 'ry_kubota@dev.sports-day.net'),
        ('01JS96Z96348RDDS4SRA5Y43JA', '菊地 美優', 'mi_kikuchi@dev.sports-day.net'),
        ('01JS96Z963KZND56RX30AHX6C0', '岡本 大地', 'da_okamoto@dev.sports-day.net'),
        ('01JS96Z9636YQTGG91PTKH85HW', '中島 花子', 'ha_nakajima@dev.sports-day.net'),
        ('01JS96Z9636NBCA1Z8VYDDRK91', '竹内 智也', 'to_takeuchi@dev.sports-day.net'),
        ('01JS96Z963W85T84GDAXE30JMT', '上田 莉子', 'ri_ueda@dev.sports-day.net'),
        ('01JS96Z963NRHCWEV6BE3EK435', '福田 悠斗', 'yu_fukuda@dev.sports-day.net'),
        ('01JS96Z963GJYKEQFT3V78DPSB', '橋本 美緒', 'mi_hashimoto@dev.sports-day.net'),
        ('01JS96Z963FNKY1812FBFV6BQE', '星野 拓海', 'ta_hoshino@dev.sports-day.net'),
        ('01JS96Z963GJVJ59GNE06AKZW2', '内田 結菜', 'yu_uchida@dev.sports-day.net'),
        ('01JS96Z964TC50FZW2MSXZWWXK', '浜田 蓮', 're_hamada@dev.sports-day.net'),
        ('01JS96Z964P79JWGCNQX95ZBRN', '横山 颯太', 'so_yokoyama@dev.sports-day.net'),
        ('01JS96Z9643QY5BATRYY2C02DQ', '宮崎 千咲', 'ch_miyazaki@dev.sports-day.net'),
        ('01JS96Z964KX2GGT92CSMVEJ5X', '大野 陸', 'ri_ono@dev.sports-day.net'),
        ('01JS96Z964EZHVVXQJ0T0ETKAW', '西田 優奈', 'yu_nishida@dev.sports-day.net');

INSERT INTO `groups` (id, name)
VALUES  ('01JS96Z963AJMYFVQC6MNFE6EB', 'サムライスピリッツ'),
        ('01JS96Z963FB78YXRPYVSYVPM5', 'なでしこドリーム'),
        ('01JS96Z963QE7DYBQ6Q7BH95S8', 'ライジングサン');

INSERT INTO group_users (user_id, group_id)
VALUES
        -- サムライスピリッツのメンバー
        ('01JS96Z96329JZHCYD45D72SYB', '01JS96Z963AJMYFVQC6MNFE6EB'),
        ('01JS96Z963CB5NVZ4151VFBFMT', '01JS96Z963AJMYFVQC6MNFE6EB'),
        ('01JS96Z963RP3AJQ9CMBS7QCCF', '01JS96Z963AJMYFVQC6MNFE6EB'),
        ('01JS96Z963KWF07JCA6A8R9RYE', '01JS96Z963AJMYFVQC6MNFE6EB'),
        ('01JS96Z9632TEN2FVK713YCYWH', '01JS96Z963AJMYFVQC6MNFE6EB'),
        ('01JS96Z963BHSMBPRKW6CW5GCV', '01JS96Z963AJMYFVQC6MNFE6EB'),
        ('01JS96Z96394WS2KG3VGPYEFXY', '01JS96Z963AJMYFVQC6MNFE6EB'),
        ('01JS96Z9630PP2C2MSNFBXWWVB', '01JS96Z963AJMYFVQC6MNFE6EB'),
        ('01JS96Z96315KJEHK6QH6E66GA', '01JS96Z963AJMYFVQC6MNFE6EB'),
        ('01JS96Z963J78P3163YWJ8E2G3', '01JS96Z963AJMYFVQC6MNFE6EB'),
        ('01JS96Z963RXHX7ZEQETJF755X', '01JS96Z963AJMYFVQC6MNFE6EB'),
        ('01JS96Z96366ES49EA66C5MNTN', '01JS96Z963AJMYFVQC6MNFE6EB'),
        ('01JS96Z963392V0E1M882PAK59', '01JS96Z963AJMYFVQC6MNFE6EB'),
        ('01JS96Z963WC15Z6EF1Q28TPGN', '01JS96Z963AJMYFVQC6MNFE6EB'),
        -- なでしこドリームのメンバー
        ('01JS96Z963FWJNS332FA9PGMKR', '01JS96Z963FB78YXRPYVSYVPM5'),
        ('01JS96Z963VA0P0RE84ZDEWX99', '01JS96Z963FB78YXRPYVSYVPM5'),
        ('01JS96Z96371Z3AD7SPM79VERY', '01JS96Z963FB78YXRPYVSYVPM5'),
        ('01JS96Z96327Q7P2EE2QVSWZJ9', '01JS96Z963FB78YXRPYVSYVPM5'),
        ('01JS96Z963N5K497Z9J641QFGS', '01JS96Z963FB78YXRPYVSYVPM5'),
        ('01JS96Z963GWSSKP6TH26EGRQF', '01JS96Z963FB78YXRPYVSYVPM5'),
        ('01JS96Z963J7286BRXWECRTWK8', '01JS96Z963FB78YXRPYVSYVPM5'),
        ('01JS96Z963ZSN09NH45YXXTGMM', '01JS96Z963FB78YXRPYVSYVPM5'),
        ('01JS96Z963B9SA9JHT9QM09VC8', '01JS96Z963FB78YXRPYVSYVPM5'),
        ('01JS96Z963WJJRRE7DVRKQ5XGF', '01JS96Z963FB78YXRPYVSYVPM5'),
        ('01JS96Z963A6RT2C563DCSSCQN', '01JS96Z963FB78YXRPYVSYVPM5'),
        ('01JS96Z9630FPVV0HFY7YR1BQ2', '01JS96Z963FB78YXRPYVSYVPM5'),
        ('01JS96Z963WPXJZG9X99N7VP44', '01JS96Z963FB78YXRPYVSYVPM5'),
        ('01JS96Z963QYQ0APZ6Z3K246HM', '01JS96Z963FB78YXRPYVSYVPM5'),
        -- ライジングサンのメンバー
        ('01JS96Z96348RDDS4SRA5Y43JA', '01JS96Z963QE7DYBQ6Q7BH95S8'),
        ('01JS96Z963KZND56RX30AHX6C0', '01JS96Z963QE7DYBQ6Q7BH95S8'),
        ('01JS96Z9636YQTGG91PTKH85HW', '01JS96Z963QE7DYBQ6Q7BH95S8'),
        ('01JS96Z9636NBCA1Z8VYDDRK91', '01JS96Z963QE7DYBQ6Q7BH95S8'),
        ('01JS96Z963W85T84GDAXE30JMT', '01JS96Z963QE7DYBQ6Q7BH95S8'),
        ('01JS96Z963NRHCWEV6BE3EK435', '01JS96Z963QE7DYBQ6Q7BH95S8'),
        ('01JS96Z963GJYKEQFT3V78DPSB', '01JS96Z963QE7DYBQ6Q7BH95S8'),
        ('01JS96Z963FNKY1812FBFV6BQE', '01JS96Z963QE7DYBQ6Q7BH95S8'),
        ('01JS96Z963GJVJ59GNE06AKZW2', '01JS96Z963QE7DYBQ6Q7BH95S8'),
        ('01JS96Z964TC50FZW2MSXZWWXK', '01JS96Z963QE7DYBQ6Q7BH95S8'),
        ('01JS96Z964P79JWGCNQX95ZBRN', '01JS96Z963QE7DYBQ6Q7BH95S8'),
        ('01JS96Z9643QY5BATRYY2C02DQ', '01JS96Z963QE7DYBQ6Q7BH95S8'),
        ('01JS96Z964KX2GGT92CSMVEJ5X', '01JS96Z963QE7DYBQ6Q7BH95S8'),
        ('01JS96Z964EZHVVXQJ0T0ETKAW', '01JS96Z963QE7DYBQ6Q7BH95S8');

INSERT INTO information (id, title, content)
VALUES
        ('01JS96Z964TC50FZW2MSXZWWXK', 'サッカー会場の変更のお知らせ', '本日のサッカーの会場は雨により、グラウンドから体育館に変更されます'),
        ('01JS96Z964P79JWGCNQX95ZBRN', 'SPORTSDAYアプリのアンケートのお知らせ', '会場にあるポスターのQRコードからアンケートへのご協力よろしくお願いいたします');

INSERT INTO scenes (id, name)
VALUES  ('01JZSY6HF3AYEXVCT4WJ2YBYA7', '晴天時'),
        ('01JZSY6HG9KZPFQ6FDCMZ4BBEZ', '雨天時');

-- チームデータ挿入
INSERT INTO teams (id, name, group_id)
VALUES
  -- サムライスピリッツ
  ('01JSB1ZQK0A2X6JQK1Q2X6JQK', 'サムライスピリッツA', '01JS96Z963AJMYFVQC6MNFE6EB'),
  ('01JSB1ZQK0A2X6JQK1Q2X6JQR', 'サムライスピリッツB', '01JS96Z963AJMYFVQC6MNFE6EB'),
  ('01JSB1ZQK0A2X6JQK1Q2X6JQS', 'サムライスピリッツC', '01JS96Z963AJMYFVQC6MNFE6EB'),
  -- なでしこドリーム
  ('01JSB1ZQK0A2X6JQK1Q2X6JQT', 'なでしこドリームA', '01JS96Z963FB78YXRPYVSYVPM5'),
  ('01JSB1ZQK0A2X6JQK1Q2X6JQU', 'なでしこドリームB', '01JS96Z963FB78YXRPYVSYVPM5'),
  ('01JSB1ZQK0A2X6JQK1Q2X6JQV', 'なでしこドリームC', '01JS96Z963FB78YXRPYVSYVPM5'),
  -- ライジングサン
  ('01JSB1ZQK0A2X6JQK1Q2X6JQW', 'ライジングサンA', '01JS96Z963QE7DYBQ6Q7BH95S8'),
  ('01JSB1ZQK0A2X6JQK1Q2X6JQX', 'ライジングサンB', '01JS96Z963QE7DYBQ6Q7BH95S8'),
  ('01JSB1ZQK0A2X6JQK1Q2X6JQY', 'ライジングサンC', '01JS96Z963QE7DYBQ6Q7BH95S8');

-- 場所データ挿入
INSERT INTO locations (id, name)
VALUES
  ('01JSC1ZQK0A2X6JQK1Q2X6JQA', '体育館'),
  ('01JSC1ZQK0A2X6JQK1Q2X6JQB', 'グラウンド'),
  ('01JSC1ZQK0A2X6JQK1Q2X6JQC', 'テニスコート'),
  ('01JSC1ZQK0A2X6JQK1Q2X6JQD', 'プール'),
  ('01JSC1ZQK0A2X6JQK1Q2X6JQE', '武道場'),
  ('01JSC1ZQK0A2X6JQK1Q2X6JQF', '多目的ホール');

-- チームユーザー中間テーブル
INSERT INTO team_users (user_id, team_id)
VALUES
  -- サムライスピリッツA
  ('01JS96Z96329JZHCYD45D72SYB', '01JSB1ZQK0A2X6JQK1Q2X6JQK'),
  ('01JS96Z963CB5NVZ4151VFBFMT', '01JSB1ZQK0A2X6JQK1Q2X6JQK'),
  ('01JS96Z963RP3AJQ9CMBS7QCCF', '01JSB1ZQK0A2X6JQK1Q2X6JQK'),
  ('01JS96Z963KWF07JCA6A8R9RYE', '01JSB1ZQK0A2X6JQK1Q2X6JQK'),
  ('01JS96Z9632TEN2FVK713YCYWH', '01JSB1ZQK0A2X6JQK1Q2X6JQK'),
  ('01JS96Z963BHSMBPRKW6CW5GCV', '01JSB1ZQK0A2X6JQK1Q2X6JQK'),
  ('01JS96Z96394WS2KG3VGPYEFXY', '01JSB1ZQK0A2X6JQK1Q2X6JQK'),
  ('01JS96Z9630PP2C2MSNFBXWWVB', '01JSB1ZQK0A2X6JQK1Q2X6JQK'),
  -- サムライスピリッツB
  ('01JS96Z96315KJEHK6QH6E66GA', '01JSB1ZQK0A2X6JQK1Q2X6JQR'),
  ('01JS96Z963J78P3163YWJ8E2G3', '01JSB1ZQK0A2X6JQK1Q2X6JQR'),
  ('01JS96Z963RXHX7ZEQETJF755X', '01JSB1ZQK0A2X6JQK1Q2X6JQR'),
  ('01JS96Z96366ES49EA66C5MNTN', '01JSB1ZQK0A2X6JQK1Q2X6JQR'),
  ('01JS96Z963392V0E1M882PAK59', '01JSB1ZQK0A2X6JQK1Q2X6JQR'),
  ('01JS96Z963WC15Z6EF1Q28TPGN', '01JSB1ZQK0A2X6JQK1Q2X6JQR'),
  ('01JS96Z963FWJNS332FA9PGMKR', '01JSB1ZQK0A2X6JQK1Q2X6JQR'),
  ('01JS96Z963VA0P0RE84ZDEWX99', '01JSB1ZQK0A2X6JQK1Q2X6JQR'),
  -- サムライスピリッツC
  ('01JS96Z96371Z3AD7SPM79VERY', '01JSB1ZQK0A2X6JQK1Q2X6JQS'),
  ('01JS96Z96327Q7P2EE2QVSWZJ9', '01JSB1ZQK0A2X6JQK1Q2X6JQS'),
  ('01JS96Z963N5K497Z9J641QFGS', '01JSB1ZQK0A2X6JQK1Q2X6JQS'),
  ('01JS96Z963GWSSKP6TH26EGRQF', '01JSB1ZQK0A2X6JQK1Q2X6JQS'),
  ('01JS96Z963J7286BRXWECRTWK8', '01JSB1ZQK0A2X6JQK1Q2X6JQS'),
  ('01JS96Z963ZSN09NH45YXXTGMM', '01JSB1ZQK0A2X6JQK1Q2X6JQS'),
  ('01JS96Z963B9SA9JHT9QM09VC8', '01JSB1ZQK0A2X6JQK1Q2X6JQS'),
  ('01JS96Z963WJJRRE7DVRKQ5XGF', '01JSB1ZQK0A2X6JQK1Q2X6JQS'),

  -- なでしこドリームA
  ('01JS96Z963A6RT2C563DCSSCQN', '01JSB1ZQK0A2X6JQK1Q2X6JQT'),
  ('01JS96Z9630FPVV0HFY7YR1BQ2', '01JSB1ZQK0A2X6JQK1Q2X6JQT'),
  ('01JS96Z963WPXJZG9X99N7VP44', '01JSB1ZQK0A2X6JQK1Q2X6JQT'),
  ('01JS96Z963QYQ0APZ6Z3K246HM', '01JSB1ZQK0A2X6JQK1Q2X6JQT'),
  ('01JS96Z96348RDDS4SRA5Y43JA', '01JSB1ZQK0A2X6JQK1Q2X6JQT'),
  ('01JS96Z963KZND56RX30AHX6C0', '01JSB1ZQK0A2X6JQK1Q2X6JQT'),
  ('01JS96Z9636YQTGG91PTKH85HW', '01JSB1ZQK0A2X6JQK1Q2X6JQT'),
  ('01JS96Z9636NBCA1Z8VYDDRK91', '01JSB1ZQK0A2X6JQK1Q2X6JQT'),
  -- なでしこドリームB
  ('01JS96Z963W85T84GDAXE30JMT', '01JSB1ZQK0A2X6JQK1Q2X6JQU'),
  ('01JS96Z963NRHCWEV6BE3EK435', '01JSB1ZQK0A2X6JQK1Q2X6JQU'),
  ('01JS96Z963GJYKEQFT3V78DPSB', '01JSB1ZQK0A2X6JQK1Q2X6JQU'),
  ('01JS96Z963FNKY1812FBFV6BQE', '01JSB1ZQK0A2X6JQK1Q2X6JQU'),
  ('01JS96Z963GJVJ59GNE06AKZW2', '01JSB1ZQK0A2X6JQK1Q2X6JQU'),
  ('01JS96Z964TC50FZW2MSXZWWXK', '01JSB1ZQK0A2X6JQK1Q2X6JQU'),
  ('01JS96Z964P79JWGCNQX95ZBRN', '01JSB1ZQK0A2X6JQK1Q2X6JQU'),
  ('01JS96Z9643QY5BATRYY2C02DQ', '01JSB1ZQK0A2X6JQK1Q2X6JQU'),
  -- なでしこドリームC
  ('01JS96Z964KX2GGT92CSMVEJ5X', '01JSB1ZQK0A2X6JQK1Q2X6JQV'),
  ('01JS96Z964EZHVVXQJ0T0ETKAW', '01JSB1ZQK0A2X6JQK1Q2X6JQV'),
  ('01JS96Z963FWJNS332FA9PGMKR', '01JSB1ZQK0A2X6JQK1Q2X6JQV'),
  ('01JS96Z963VA0P0RE84ZDEWX99', '01JSB1ZQK0A2X6JQK1Q2X6JQV'),
  ('01JS96Z96371Z3AD7SPM79VERY', '01JSB1ZQK0A2X6JQK1Q2X6JQV'),
  ('01JS96Z96327Q7P2EE2QVSWZJ9', '01JSB1ZQK0A2X6JQK1Q2X6JQV'),
  ('01JS96Z963N5K497Z9J641QFGS', '01JSB1ZQK0A2X6JQK1Q2X6JQV'),
  ('01JS96Z963GWSSKP6TH26EGRQF', '01JSB1ZQK0A2X6JQK1Q2X6JQV'),

  -- ライジングサンA
  ('01JS96Z963J7286BRXWECRTWK8', '01JSB1ZQK0A2X6JQK1Q2X6JQW'),
  ('01JS96Z963ZSN09NH45YXXTGMM', '01JSB1ZQK0A2X6JQK1Q2X6JQW'),
  ('01JS96Z963B9SA9JHT9QM09VC8', '01JSB1ZQK0A2X6JQK1Q2X6JQW'),
  ('01JS96Z963WJJRRE7DVRKQ5XGF', '01JSB1ZQK0A2X6JQK1Q2X6JQW'),
  ('01JS96Z963A6RT2C563DCSSCQN', '01JSB1ZQK0A2X6JQK1Q2X6JQW'),
  ('01JS96Z9630FPVV0HFY7YR1BQ2', '01JSB1ZQK0A2X6JQK1Q2X6JQW'),
  ('01JS96Z963WPXJZG9X99N7VP44', '01JSB1ZQK0A2X6JQK1Q2X6JQW'),
  ('01JS96Z963QYQ0APZ6Z3K246HM', '01JSB1ZQK0A2X6JQK1Q2X6JQW'),
  -- ライジングサンB
  ('01JS96Z96348RDDS4SRA5Y43JA', '01JSB1ZQK0A2X6JQK1Q2X6JQX'),
  ('01JS96Z963KZND56RX30AHX6C0', '01JSB1ZQK0A2X6JQK1Q2X6JQX'),
  ('01JS96Z9636YQTGG91PTKH85HW', '01JSB1ZQK0A2X6JQK1Q2X6JQX'),
  ('01JS96Z9636NBCA1Z8VYDDRK91', '01JSB1ZQK0A2X6JQK1Q2X6JQX'),
  ('01JS96Z963W85T84GDAXE30JMT', '01JSB1ZQK0A2X6JQK1Q2X6JQX'),
  ('01JS96Z963NRHCWEV6BE3EK435', '01JSB1ZQK0A2X6JQK1Q2X6JQX'),
  ('01JS96Z963GJYKEQFT3V78DPSB', '01JSB1ZQK0A2X6JQK1Q2X6JQX'),
  ('01JS96Z963FNKY1812FBFV6BQE', '01JSB1ZQK0A2X6JQK1Q2X6JQX'),
  -- ライジングサンC
  ('01JS96Z963GJVJ59GNE06AKZW2', '01JSB1ZQK0A2X6JQK1Q2X6JQY'),
  ('01JS96Z964TC50FZW2MSXZWWXK', '01JSB1ZQK0A2X6JQK1Q2X6JQY'),
  ('01JS96Z964P79JWGCNQX95ZBRN', '01JSB1ZQK0A2X6JQK1Q2X6JQY'),
  ('01JS96Z9643QY5BATRYY2C02DQ', '01JSB1ZQK0A2X6JQK1Q2X6JQY'),
  ('01JS96Z964KX2GGT92CSMVEJ5X', '01JSB1ZQK0A2X6JQK1Q2X6JQY'),
  ('01JS96Z964EZHVVXQJ0T0ETKAW', '01JSB1ZQK0A2X6JQK1Q2X6JQY'),
  ('01JS96Z963FWJNS332FA9PGMKR', '01JSB1ZQK0A2X6JQK1Q2X6JQY'),
  ('01JS96Z963VA0P0RE84ZDEWX99', '01JSB1ZQK0A2X6JQK1Q2X6JQY');

-- 大会データ挿入
INSERT INTO competitions (id, name, type)
VALUES
  ('01JSD1ZQK0A2X6JQK1Q2X6JQA', 'サッカーAリーグ', 'LEAGUE'),
  ('01JSD1ZQK0A2X6JQK1Q2X6JQB', 'バスケットボールCリーグ', 'LEAGUE'),
  ('01JSD1ZQK0A2X6JQK1Q2X6JQC', 'バレーボールAトーナメント', 'TOURNAMENT'),
  ('01JSD1ZQK0A2X6JQK1Q2X6JQD', '陸上競技Dリーグ', 'LEAGUE'),
  ('01JSD1ZQK0A2X6JQK1Q2X6JQE', '水泳Bトーナメント', 'TOURNAMENT');

-- 大会エントリー中間テーブル
INSERT INTO competition_entries (competition_id, team_id)
VALUES
  -- サッカーAリーグ
  ('01JSD1ZQK0A2X6JQK1Q2X6JQA', '01JSB1ZQK0A2X6JQK1Q2X6JQK'),
  ('01JSD1ZQK0A2X6JQK1Q2X6JQA', '01JSB1ZQK0A2X6JQK1Q2X6JQR'),
  ('01JSD1ZQK0A2X6JQK1Q2X6JQA', '01JSB1ZQK0A2X6JQK1Q2X6JQT'),
  ('01JSD1ZQK0A2X6JQK1Q2X6JQA', '01JSB1ZQK0A2X6JQK1Q2X6JQW'),
  -- バスケットボールCリーグ
  ('01JSD1ZQK0A2X6JQK1Q2X6JQB', '01JSB1ZQK0A2X6JQK1Q2X6JQS'),
  ('01JSD1ZQK0A2X6JQK1Q2X6JQB', '01JSB1ZQK0A2X6JQK1Q2X6JQU'),
  ('01JSD1ZQK0A2X6JQK1Q2X6JQB', '01JSB1ZQK0A2X6JQK1Q2X6JQX'),
  -- バレーボールAトーナメント
  ('01JSD1ZQK0A2X6JQK1Q2X6JQC', '01JSB1ZQK0A2X6JQK1Q2X6JQK'),
  ('01JSD1ZQK0A2X6JQK1Q2X6JQC', '01JSB1ZQK0A2X6JQK1Q2X6JQV'),
  ('01JSD1ZQK0A2X6JQK1Q2X6JQC', '01JSB1ZQK0A2X6JQK1Q2X6JQY'),
  -- 陸上競技Dリーグ
  ('01JSD1ZQK0A2X6JQK1Q2X6JQD', '01JSB1ZQK0A2X6JQK1Q2X6JQR'),
  ('01JSD1ZQK0A2X6JQK1Q2X6JQD', '01JSB1ZQK0A2X6JQK1Q2X6JQT'),
  ('01JSD1ZQK0A2X6JQK1Q2X6JQD', '01JSB1ZQK0A2X6JQK1Q2X6JQU'),
  ('01JSD1ZQK0A2X6JQK1Q2X6JQD', '01JSB1ZQK0A2X6JQK1Q2X6JQW'),
  ('01JSD1ZQK0A2X6JQK1Q2X6JQD', '01JSB1ZQK0A2X6JQK1Q2X6JQX'),
  -- 水泳Bトーナメント
  ('01JSD1ZQK0A2X6JQK1Q2X6JQE', '01JSB1ZQK0A2X6JQK1Q2X6JQS'),
  ('01JSD1ZQK0A2X6JQK1Q2X6JQE', '01JSB1ZQK0A2X6JQK1Q2X6JQV'),
  ('01JSD1ZQK0A2X6JQK1Q2X6JQE', '01JSB1ZQK0A2X6JQK1Q2X6JQY');

-- 試合データ挿入
INSERT INTO matches (id, time, status, location_id, competition_id, winner_team_id)
VALUES
  ('01JSE1ZQK0A2X6JQK1Q2X6JQA', '2025-07-15 10:00:00', 'STANDBY', '01JSC1ZQK0A2X6JQK1Q2X6JQB', '01JSD1ZQK0A2X6JQK1Q2X6JQA', NULL),
  ('01JSE1ZQK0A2X6JQK1Q2X6JQB', '2025-07-15 14:00:00', 'ONGOING', '01JSC1ZQK0A2X6JQK1Q2X6JQA', '01JSD1ZQK0A2X6JQK1Q2X6JQB', NULL),
  ('01JSE1ZQK0A2X6JQK1Q2X6JQC', '2025-07-14 16:00:00', 'FINISHED', '01JSC1ZQK0A2X6JQK1Q2X6JQE', '01JSD1ZQK0A2X6JQK1Q2X6JQC', '01JSB1ZQK0A2X6JQK1Q2X6JQK'),
  ('01JSE1ZQK0A2X6JQK1Q2X6JQD', '2025-07-16 09:00:00', 'STANDBY', '01JSC1ZQK0A2X6JQK1Q2X6JQC', '01JSD1ZQK0A2X6JQK1Q2X6JQD', NULL),
  ('01JSE1ZQK0A2X6JQK1Q2X6JQE', '2025-07-13 11:00:00', 'FINISHED', '01JSC1ZQK0A2X6JQK1Q2X6JQD', '01JSD1ZQK0A2X6JQK1Q2X6JQE', '01JSB1ZQK0A2X6JQK1Q2X6JQV');

-- 試合エントリー中間テーブル
INSERT INTO match_entries (id, match_id, team_id, score) VALUES
  /* サッカーAリーグ 第1試合 */
  ('01K22WPZRTWK377BJ001WY9SND', '01JSE1ZQK0A2X6JQK1Q2X6JQA', '01JSB1ZQK0A2X6JQK1Q2X6JQK', 0),
  ('01K22WPZRV16K4M4Z55689C6F1', '01JSE1ZQK0A2X6JQK1Q2X6JQA', '01JSB1ZQK0A2X6JQK1Q2X6JQR', 0),

  /* バスケットボールCリーグ 第1試合 */
  ('01K22WPZRVTT9ZHSXDVWQS2N3Q', '01JSE1ZQK0A2X6JQK1Q2X6JQB', '01JSB1ZQK0A2X6JQK1Q2X6JQS', 45),
  ('01K22WPZRVBEGGWXKQ7T4NVAD8', '01JSE1ZQK0A2X6JQK1Q2X6JQB', '01JSB1ZQK0A2X6JQK1Q2X6JQU', 38),

  /* バレーボールAトーナメント 決勝 */
  ('01K22WPZRVR1GG5EGP76GEHCBH', '01JSE1ZQK0A2X6JQK1Q2X6JQC', '01JSB1ZQK0A2X6JQK1Q2X6JQK', 3),
  ('01K22WPZRW23HM7BY87QVBXME6', '01JSE1ZQK0A2X6JQK1Q2X6JQC', '01JSB1ZQK0A2X6JQK1Q2X6JQV', 1),

  /* 陸上競技Dリーグ 第1試合 */
  ('01K22WPZRWXABQ660YV1080VZN', '01JSE1ZQK0A2X6JQK1Q2X6JQD', '01JSB1ZQK0A2X6JQK1Q2X6JQR', 0),
  ('01K22WPZRWR7VCSZDP88J3W676', '01JSE1ZQK0A2X6JQK1Q2X6JQD', '01JSB1ZQK0A2X6JQK1Q2X6JQT', 0),
  ('01K22WPZRWHTYVMEG26HAG6K7Q', '01JSE1ZQK0A2X6JQK1Q2X6JQD', '01JSB1ZQK0A2X6JQK1Q2X6JQU', 0),

  /* 水泳Bトーナメント 決勝 */
  ('01K22WPZRWR0A8XHXZHG017D5E', '01JSE1ZQK0A2X6JQK1Q2X6JQE', '01JSB1ZQK0A2X6JQK1Q2X6JQS', 85),
  ('01K22WPZRW2KY1ZMFNFRDPFDN4', '01JSE1ZQK0A2X6JQK1Q2X6JQE', '01JSB1ZQK0A2X6JQK1Q2X6JQV', 92),

  /* 空のエントリーのテスト用データ */
  ('01K22WPZRW3EMPTY001TESTID1', '01JSE1ZQK0A2X6JQK1Q2X6JQA', NULL, 0),
  ('01K22WPZRW3EMPTY002TESTID2', '01JSE1ZQK0A2X6JQK1Q2X6JQB', NULL, 0);

  -- 審判（Judgment）データ挿入 ------------- ▼
INSERT INTO judgments (id, name, user_id,  team_id, group_id) VALUES
  -- 01JSE1ZQK0A2X6JQK1Q2X6JQA（サッカーAリーグ第1試合）は
  -- 個人ユーザー「山田 太郎」が担当
  ('01JSE1ZQK0A2X6JQK1Q2X6JQA', '主審 山田太郎',
   '01JS96Z96329JZHCYD45D72SYB', NULL, NULL),

  -- 01JSE1ZQK0A2X6JQK1Q2X6JQB（バスケCリーグ第1試合）は
  -- チーム「サムライスピリッツA」が担当
  ('01JSE1ZQK0A2X6JQK1Q2X6JQB', '主審 チーム サムライA',
   NULL, '01JSB1ZQK0A2X6JQK1Q2X6JQK', NULL),

  -- 01JSE1ZQK0A2X6JQK1Q2X6JQC（バレーAトーナメント決勝）は
  -- グループ「ライジングサン」が担当
  ('01JSE1ZQK0A2X6JQK1Q2X6JQC', '主審 グループ ライジングサン',
   NULL, NULL, '01JS96Z963QE7DYBQ6Q7BH95S8'),

  -- 01JSE1ZQK0A2X6JQK1Q2X6JQD（陸上Dリーグ第1試合）は
  -- 個人ユーザー「鈴木 美咲」が担当
  ('01JSE1ZQK0A2X6JQK1Q2X6JQD', '主審 鈴木美咲',
   '01JS96Z963RP3AJQ9CMBS7QCCF', NULL, NULL),

  -- 01JSE1ZQK0A2X6JQK1Q2X6JQE（水泳Bトーナメント決勝）は
  -- チーム「なでしこドリームC」が担当
  ('01JSE1ZQK0A2X6JQK1Q2X6JQE', '主審 チーム なでC',
   NULL, '01JSB1ZQK0A2X6JQK1Q2X6JQV', NULL);
-- --------------------------------------- ▲


-- migrate:down
DELETE FROM team_users;
DELETE FROM teams;
DELETE FROM group_users;
DELETE FROM `groups`;
DELETE FROM users;
DELETE FROM information;
DELETE FROM scenes;
DELETE FROM `sports`;
DELETE FROM locations;
DELETE FROM competition_entries;
DELETE FROM competitions;
DELETE FROM match_entries;
DELETE FROM matches;
DELETE FROM judgments;
